{"v":"5.8.1","fr":24,"ip":0,"op":60,"w":214,"h":160,"nm":"Cara_Incognita","ddd":0,"assets":[],"layers":[{"ddd":0,"ind":1,"ty":3,"nm":"CARA","parent":9,"sr":1,"ks":{"o":{"a":0,"k":0,"ix":11},"p":{"a":0,"k":[69.5,74,0],"ix":2,"l":2}},"ao":0,"ip":0,"op":60,"st":0,"bm":0},{"ddd":0,"ind":2,"ty":4,"nm":"Trazado 17164","parent":1,"sr":1,"ks":{"p":{"a":0,"k":[44.737,30.007,0],"ix":2,"l":2},"s":{"a":1,"k":[{"i":{"x":[0.667,0.667,0.667],"y":[1,1,1]},"o":{"x":[0.333,0.333,0.333],"y":[0,0,0]},"t":0,"s":[100,100,100]},{"i":{"x":[0.667,0.667,0.667],"y":[1,1,1]},"o":{"x":[0.333,0.333,0.333],"y":[0,0,0]},"t":12,"s":[110,110,100]},{"i":{"x":[0.667,0.667,0.667],"y":[1,1,1]},"o":{"x":[0.333,0.333,0.333],"y":[0,0,0]},"t":24,"s":[110,110,100]},{"t":37,"s":[100,100,100]}],"ix":6,"l":2}},"ao":0,"shapes":[{"ty":"gr","it":[{"ind":0,"ty":"sh","ix":1,"ks":{"a":1,"k":[{"i":{"x":0.667,"y":1},"o":{"x":0.333,"y":0},"t":0,"s":[{"i":[[19.034,10.686],[0.391,-0.682],[-0.344,-0.455],[-8.547,2.269],[-1.23,8.6],[0.779,0.103],[0.293,-0.481]],"o":[[-0.682,-0.391],[-0.283,0.495],[5.28,7.093],[8.398,-2.224],[0.103,-0.779],[-0.559,-0.074],[-4.539,7.534]],"v":[[-17.407,-0.711],[-19.35,-0.183],[-19.25,1.383],[3.644,9.37],[19.525,-8.485],[18.302,-10.083],[16.9,-9.413]],"c":true}]},{"i":{"x":0.667,"y":1},"o":{"x":0.333,"y":0},"t":12,"s":[{"i":[[0,0],[0.391,-0.682],[-0.344,-0.455],[-8.547,2.269],[-1.23,8.6],[0.779,0.103],[0,0]],"o":[[0,0],[-0.283,0.495],[5.28,7.093],[8.398,-2.224],[0.103,-0.779],[-0.559,-0.074],[0,0]],"v":[[-17.407,-0.711],[-19.35,-0.183],[-19.25,1.383],[3.644,9.37],[19.525,-8.485],[18.302,-10.083],[16.9,-9.413]],"c":true}]},{"i":{"x":0.667,"y":1},"o":{"x":0.333,"y":0},"t":24,"s":[{"i":[[0,0],[0.391,-0.682],[-0.344,-0.455],[-8.547,2.269],[-1.23,8.6],[0.779,0.103],[0,0]],"o":[[0,0],[-0.283,0.495],[5.28,7.093],[8.398,-2.224],[0.103,-0.779],[-0.559,-0.074],[0,0]],"v":[[-17.407,-0.711],[-19.35,-0.183],[-19.25,1.383],[3.644,9.37],[19.525,-8.485],[18.302,-10.083],[16.9,-9.413]],"c":true}]},{"t":37,"s":[{"i":[[19.034,10.686],[0.391,-0.682],[-0.344,-0.455],[-8.547,2.269],[-1.23,8.6],[0.779,0.103],[0.293,-0.481]],"o":[[-0.682,-0.391],[-0.283,0.495],[5.28,7.093],[8.398,-2.224],[0.103,-0.779],[-0.559,-0.074],[-4.539,7.534]],"v":[[-17.407,-0.711],[-19.35,-0.183],[-19.25,1.383],[3.644,9.37],[19.525,-8.485],[18.302,-10.083],[16.9,-9.413]],"c":true}]}],"ix":2},"nm":"Trazado 1","mn":"ADBE Vector Shape - Group","hd":false},{"ty":"fl","c":{"a":0,"k":[0.141176477075,0.141176477075,0.286274522543,1],"ix":4},"o":{"a":0,"k":100,"ix":5},"r":1,"bm":0,"nm":"Relleno 1","mn":"ADBE Vector Graphic - Fill","hd":false},{"ty":"tr","p":{"a":0,"k":[0,0],"ix":2},"a":{"a":0,"k":[0,0],"ix":1},"s":{"a":0,"k":[100,100],"ix":3},"r":{"a":0,"k":0,"ix":6},"o":{"a":0,"k":100,"ix":7},"sk":{"a":0,"k":0,"ix":4},"sa":{"a":0,"k":0,"ix":5},"nm":"Transformar"}],"nm":"Trazado 17164","np":2,"cix":2,"bm":0,"ix":1,"mn":"ADBE Vector Group","hd":false}],"ip":0,"op":60,"st":0,"bm":0},{"ddd":0,"ind":3,"ty":4,"nm":"Capa de formas 1","parent":5,"td":1,"sr":1,"ks":{"p":{"a":0,"k":[-6,-5.5,0],"ix":2,"l":2}},"ao":0,"shapes":[{"ty":"gr","it":[{"ty":"rc","d":1,"s":{"a":0,"k":[270,39],"ix":2},"p":{"a":1,"k":[{"i":{"x":0.667,"y":1},"o":{"x":0.333,"y":0},"t":0,"s":[0,-100],"to":[0,33.333],"ti":[0,-33.333]},{"t":48,"s":[0,100]}],"ix":3},"r":{"a":0,"k":0,"ix":4},"nm":"Trazado de rectángulo 1","mn":"ADBE Vector Shape - Rect","hd":false},{"ty":"fl","c":{"a":0,"k":[1,1,1,1],"ix":4},"o":{"a":0,"k":15,"ix":5},"r":1,"bm":0,"nm":"Relleno 1","mn":"ADBE Vector Graphic - Fill","hd":false},{"ty":"tr","p":{"a":0,"k":[0,0],"ix":2},"a":{"a":0,"k":[0,0],"ix":1},"s":{"a":0,"k":[100,100],"ix":3},"r":{"a":0,"k":-45,"ix":6},"o":{"a":0,"k":100,"ix":7},"sk":{"a":0,"k":0,"ix":4},"sa":{"a":0,"k":0,"ix":5},"nm":"Transformar"}],"nm":"Rectángulo 2","np":3,"cix":2,"bm":0,"ix":1,"mn":"ADBE Vector Group","hd":false},{"ty":"gr","it":[{"ty":"rc","d":1,"s":{"a":0,"k":[270,15],"ix":2},"p":{"a":1,"k":[{"i":{"x":0.667,"y":1},"o":{"x":0.333,"y":0},"t":0,"s":[0,-120],"to":[0,40],"ti":[0,-40]},{"t":48,"s":[0,120]}],"ix":3},"r":{"a":0,"k":0,"ix":4},"nm":"Trazado de rectángulo 1","mn":"ADBE Vector Shape - Rect","hd":false},{"ty":"fl","c":{"a":0,"k":[1,1,1,1],"ix":4},"o":{"a":0,"k":80,"ix":5},"r":1,"bm":0,"nm":"Relleno 1","mn":"ADBE Vector Graphic - Fill","hd":false},{"ty":"tr","p":{"a":0,"k":[0,0],"ix":2},"a":{"a":0,"k":[0,0],"ix":1},"s":{"a":0,"k":[100,100],"ix":3},"r":{"a":0,"k":-45,"ix":6},"o":{"a":0,"k":100,"ix":7},"sk":{"a":0,"k":0,"ix":4},"sa":{"a":0,"k":0,"ix":5},"nm":"Transformar"}],"nm":"Rectángulo 1","np":3,"cix":2,"bm":0,"ix":2,"mn":"ADBE Vector Group","hd":false},{"ty":"gr","it":[{"ty":"rc","d":1,"s":{"a":0,"k":[270,60],"ix":2},"p":{"a":1,"k":[{"i":{"x":0.667,"y":1},"o":{"x":0.333,"y":0},"t":0,"s":[0,-100],"to":[0,33.333],"ti":[0,-33.333]},{"t":48,"s":[0,100]}],"ix":3},"r":{"a":0,"k":0,"ix":4},"nm":"Trazado de rectángulo 1","mn":"ADBE Vector Shape - Rect","hd":false},{"ty":"fl","c":{"a":0,"k":[1,1,1,1],"ix":4},"o":{"a":0,"k":5,"ix":5},"r":1,"bm":0,"nm":"Relleno 1","mn":"ADBE Vector Graphic - Fill","hd":false},{"ty":"tr","p":{"a":0,"k":[0,0],"ix":2},"a":{"a":0,"k":[0,0],"ix":1},"s":{"a":0,"k":[100,100],"ix":3},"r":{"a":0,"k":-45,"ix":6},"o":{"a":0,"k":100,"ix":7},"sk":{"a":0,"k":0,"ix":4},"sa":{"a":0,"k":0,"ix":5},"nm":"Transformar"}],"nm":"Rectángulo 3","np":3,"cix":2,"bm":0,"ix":3,"mn":"ADBE Vector Group","hd":false}],"ip":0,"op":60,"st":0,"bm":0},{"ddd":0,"ind":4,"ty":4,"nm":"Capa 2","parent":5,"tt":1,"sr":1,"ks":{"p":{"a":0,"k":[-5.324,-19.659,0],"ix":2,"l":2},"a":{"a":0,"k":[97.676,59.841,0],"ix":1,"l":2}},"ao":0,"shapes":[{"ty":"gr","it":[{"ind":0,"ty":"sh","ix":1,"ks":{"a":0,"k":{"i":[[0,0],[7.317,4.057],[-2.111,6.419],[-4.756,-6.598],[2.623,-5.977]],"o":[[-2.623,5.977],[-7.317,-4.057],[2.444,-7.449],[2.055,2.851],[0,0]],"v":[[18.766,7.492],[-7.63,16.074],[-19.633,-6.961],[17.364,-14.654],[18.762,7.494]],"c":true},"ix":2},"nm":"Trazado 1","mn":"ADBE Vector Shape - Group","hd":false},{"ty":"fl","c":{"a":0,"k":[1,1,1,1],"ix":4},"o":{"a":0,"k":100,"ix":5},"r":1,"bm":0,"nm":"Relleno 1","mn":"ADBE Vector Graphic - Fill","hd":false},{"ty":"tr","p":{"a":0,"k":[126.65,54.966],"ix":2},"a":{"a":0,"k":[0,0],"ix":1},"s":{"a":0,"k":[100,100],"ix":3},"r":{"a":0,"k":0,"ix":6},"o":{"a":0,"k":100,"ix":7},"sk":{"a":0,"k":0,"ix":4},"sa":{"a":0,"k":0,"ix":5},"nm":"Transformar"}],"nm":"Grupo 1","np":2,"cix":2,"bm":0,"ix":1,"mn":"ADBE Vector Group","hd":false},{"ty":"gr","it":[{"ind":0,"ty":"sh","ix":1,"ks":{"a":0,"k":{"i":[[0,0],[4.509,4.72],[-0.958,3.384],[-4.848,-6.164],[5.487,-6.318]],"o":[[-5.487,6.316],[-4.509,-4.72],[2.213,-7.827],[4.176,5.311],[0,0]],"v":[[14.293,12.103],[-13.446,13.067],[-19.707,-8.223],[17.691,-13.648],[14.293,12.102]],"c":true},"ix":2},"nm":"Trazado 1","mn":"ADBE Vector Shape - Group","hd":false},{"ty":"fl","c":{"a":0,"k":[1,1,1,1],"ix":4},"o":{"a":0,"k":100,"ix":5},"r":1,"bm":0,"nm":"Relleno 1","mn":"ADBE Vector Graphic - Fill","hd":false},{"ty":"tr","p":{"a":0,"k":[68.578,65.31],"ix":2},"a":{"a":0,"k":[0,0],"ix":1},"s":{"a":0,"k":[100,100],"ix":3},"r":{"a":0,"k":0,"ix":6},"o":{"a":0,"k":100,"ix":7},"sk":{"a":0,"k":0,"ix":4},"sa":{"a":0,"k":0,"ix":5},"nm":"Transformar"}],"nm":"Grupo 2","np":2,"cix":2,"bm":0,"ix":2,"mn":"ADBE Vector Group","hd":false}],"ip":0,"op":60,"st":0,"bm":0},{"ddd":0,"ind":5,"ty":4,"nm":"Trazado 17186","parent":1,"sr":1,"ks":{"p":{"a":0,"k":[41.844,6.698,0],"ix":2,"l":2}},"ao":0,"shapes":[{"ty":"gr","it":[{"ind":0,"ty":"sh","ix":1,"ks":{"a":0,"k":{"i":[[0,0],[7.317,4.057],[-2.111,6.419],[-4.756,-6.598],[2.623,-5.977]],"o":[[-2.623,5.977],[-7.317,-4.057],[2.444,-7.449],[2.055,2.851],[0,0]],"v":[[42.416,-17.042],[16.021,-8.46],[4.017,-31.495],[41.014,-39.188],[42.413,-17.041]],"c":true},"ix":2},"nm":"Trazado 1","mn":"ADBE Vector Shape - Group","hd":false},{"ind":1,"ty":"sh","ix":2,"ks":{"a":0,"k":{"i":[[0,0],[4.509,4.72],[-0.958,3.384],[-4.848,-6.164],[5.487,-6.318]],"o":[[-5.487,6.316],[-4.509,-4.72],[2.213,-7.827],[4.176,5.311],[0,0]],"v":[[-20.129,-2.086],[-47.868,-1.123],[-54.129,-22.413],[-16.731,-27.838],[-20.129,-2.087]],"c":true},"ix":2},"nm":"Trazado 2","mn":"ADBE Vector Shape - Group","hd":false},{"ind":2,"ty":"sh","ix":3,"ks":{"a":0,"k":{"i":[[0,0],[9.942,-1.753],[12.306,-1.613],[0,0],[-0.867,-3.97],[-3.138,-7.691],[-6.818,-1.692],[-6.821,8.391],[-6.327,1.116],[-6.193,-8.267],[-9.484,3.398],[-0.836,6.001],[0.139,4.52],[0,0],[0,0],[12.661,-2.099]],"o":[[-18.293,3.035],[-9.942,1.753],[-12.306,1.613],[0,0],[5.231,-0.031],[3.906,9.51],[6.818,1.692],[6.821,-8.391],[5.354,-0.944],[6.964,8.854],[9.484,-3.398],[0.579,-4.485],[-0.014,-2.922],[0,0],[-7.369,0.519],[0,0]],"v":[[23.046,-44.885],[-6.259,-35.421],[-35.782,-34.783],[-66.102,-26.657],[-64.349,-18.61],[-56.587,-8.391],[-41.516,5.665],[-15.002,-2.238],[-5.904,-27.128],[6.292,-11.007],[33.887,-5.515],[48.021,-21.716],[48.682,-35.244],[51.824,-38.987],[50.415,-46.974],[23.046,-44.885]],"c":true},"ix":2},"nm":"Trazado 3","mn":"ADBE Vector Shape - Group","hd":false},{"ty":"fl","c":{"a":0,"k":[0.160784319043,0.160784319043,0.286274522543,1],"ix":4},"o":{"a":0,"k":100,"ix":5},"r":1,"bm":0,"nm":"Relleno 1","mn":"ADBE Vector Graphic - Fill","hd":false},{"ty":"tr","p":{"a":0,"k":[0,0],"ix":2},"a":{"a":0,"k":[0,0],"ix":1},"s":{"a":0,"k":[100,100],"ix":3},"r":{"a":0,"k":0,"ix":6},"o":{"a":0,"k":100,"ix":7},"sk":{"a":0,"k":0,"ix":4},"sa":{"a":0,"k":0,"ix":5},"nm":"Transformar"}],"nm":"Trazado 17186","np":4,"cix":2,"bm":0,"ix":1,"mn":"ADBE Vector Group","hd":false}],"ip":0,"op":60,"st":0,"bm":0},{"ddd":0,"ind":6,"ty":4,"nm":"Trazado 13986","parent":1,"sr":1,"ks":{"p":{"a":1,"k":[{"i":{"x":0.667,"y":1},"o":{"x":0.333,"y":0},"t":0,"s":[66.754,-9.994,0],"to":[-0.163,-1.192,0],"ti":[0.163,1.192,0]},{"i":{"x":0.667,"y":0.667},"o":{"x":0.333,"y":0.333},"t":12,"s":[65.776,-17.148,0],"to":[0,0,0],"ti":[0,0,0]},{"i":{"x":0.667,"y":1},"o":{"x":0.333,"y":0},"t":32,"s":[65.776,-17.148,0],"to":[0.163,1.192,0],"ti":[-0.163,-1.192,0]},{"t":44,"s":[66.754,-9.994,0]}],"ix":2,"l":2},"s":{"a":1,"k":[{"i":{"x":[0.667,0.667,0.667],"y":[1,1,1]},"o":{"x":[0.333,0.333,0.333],"y":[0,0,0]},"t":0,"s":[100,100,100]},{"i":{"x":[0.667,0.667,0.667],"y":[1,1,1]},"o":{"x":[0.333,0.333,0.333],"y":[0,0,0]},"t":12,"s":[95,95,100]},{"i":{"x":[0.667,0.667,0.667],"y":[1,1,1]},"o":{"x":[0.333,0.333,0.333],"y":[0,0,0]},"t":24,"s":[95,95,100]},{"t":36,"s":[100,100,100]}],"ix":6,"l":2}},"ao":0,"shapes":[{"ty":"gr","it":[{"ind":0,"ty":"sh","ix":1,"ks":{"a":0,"k":{"i":[[-1.206,-5.572],[3.309,-0.716],[1.206,5.571],[-3.31,0.716]],"o":[[1.206,5.571],[-3.309,0.716],[-1.206,-5.571],[3.31,-0.716]],"v":[[5.987,-1.296],[2.182,10.088],[-5.987,1.296],[-2.182,-10.088]],"c":true},"ix":2},"nm":"Trazado 1","mn":"ADBE Vector Shape - Group","hd":false},{"ty":"fl","c":{"a":0,"k":[0.141176477075,0.141176477075,0.286274522543,1],"ix":4},"o":{"a":0,"k":100,"ix":5},"r":1,"bm":0,"nm":"Relleno 1","mn":"ADBE Vector Graphic - Fill","hd":false},{"ty":"tr","p":{"a":0,"k":[0,0],"ix":2},"a":{"a":0,"k":[0,0],"ix":1},"s":{"a":0,"k":[100,100],"ix":3},"r":{"a":0,"k":0,"ix":6},"o":{"a":0,"k":100,"ix":7},"sk":{"a":0,"k":0,"ix":4},"sa":{"a":0,"k":0,"ix":5},"nm":"Transformar"}],"nm":"Trazado 13986","np":2,"cix":2,"bm":0,"ix":1,"mn":"ADBE Vector Group","hd":false}],"ip":0,"op":60,"st":0,"bm":0},{"ddd":0,"ind":7,"ty":4,"nm":"Trazado 13985","parent":1,"sr":1,"ks":{"p":{"a":1,"k":[{"i":{"x":0.667,"y":1},"o":{"x":0.333,"y":0},"t":0,"s":[10.907,0.437,0],"to":[-0.163,-1.192,0],"ti":[0.163,1.192,0]},{"i":{"x":0.667,"y":0.667},"o":{"x":0.333,"y":0.333},"t":12,"s":[9.93,-6.718,0],"to":[0,0,0],"ti":[0,0,0]},{"i":{"x":0.667,"y":1},"o":{"x":0.333,"y":0},"t":32,"s":[9.93,-6.718,0],"to":[0.163,1.192,0],"ti":[-0.163,-1.192,0]},{"t":44,"s":[10.907,0.437,0]}],"ix":2,"l":2},"s":{"a":1,"k":[{"i":{"x":[0.667,0.667,0.667],"y":[1,1,1]},"o":{"x":[0.333,0.333,0.333],"y":[0,0,0]},"t":0,"s":[100,100,100]},{"i":{"x":[0.667,0.667,0.667],"y":[1,1,1]},"o":{"x":[0.333,0.333,0.333],"y":[0,0,0]},"t":12,"s":[95,95,100]},{"i":{"x":[0.667,0.667,0.667],"y":[1,1,1]},"o":{"x":[0.333,0.333,0.333],"y":[0,0,0]},"t":24,"s":[95,95,100]},{"t":36,"s":[100,100,100]}],"ix":6,"l":2}},"ao":0,"shapes":[{"ty":"gr","it":[{"ind":0,"ty":"sh","ix":1,"ks":{"a":0,"k":{"i":[[-1.206,-5.571],[3.304,-0.716],[1.207,5.57],[-3.309,0.716]],"o":[[1.206,5.572],[-3.304,0.716],[-1.207,-5.57],[3.309,-0.716]],"v":[[5.985,-1.296],[2.185,10.088],[-5.985,1.296],[-2.179,-10.087]],"c":true},"ix":2},"nm":"Trazado 1","mn":"ADBE Vector Shape - Group","hd":false},{"ty":"fl","c":{"a":0,"k":[0.141176477075,0.141176477075,0.286274522543,1],"ix":4},"o":{"a":0,"k":100,"ix":5},"r":1,"bm":0,"nm":"Relleno 1","mn":"ADBE Vector Graphic - Fill","hd":false},{"ty":"tr","p":{"a":0,"k":[0,0],"ix":2},"a":{"a":0,"k":[0,0],"ix":1},"s":{"a":0,"k":[100,100],"ix":3},"r":{"a":0,"k":0,"ix":6},"o":{"a":0,"k":100,"ix":7},"sk":{"a":0,"k":0,"ix":4},"sa":{"a":0,"k":0,"ix":5},"nm":"Transformar"}],"nm":"Trazado 13985","np":2,"cix":2,"bm":0,"ix":1,"mn":"ADBE Vector Group","hd":false}],"ip":0,"op":60,"st":0,"bm":0},{"ddd":0,"ind":8,"ty":4,"nm":"mano","parent":10,"sr":1,"ks":{"p":{"s":true,"x":{"a":0,"k":-7.807,"ix":3},"y":{"a":1,"k":[{"i":{"x":[0.667],"y":[1]},"o":{"x":[0.333],"y":[0]},"t":0,"s":[39.059]},{"i":{"x":[0.667],"y":[1]},"o":{"x":[0.333],"y":[0]},"t":11,"s":[28.059]},{"i":{"x":[0.667],"y":[1]},"o":{"x":[0.333],"y":[0]},"t":18,"s":[35.059]},{"i":{"x":[0.667],"y":[1]},"o":{"x":[0.333],"y":[0]},"t":24,"s":[31.059]},{"i":{"x":[0.667],"y":[1]},"o":{"x":[0.333],"y":[0]},"t":30,"s":[28.059]},{"t":41,"s":[39.059]}],"ix":4}},"a":{"a":0,"k":[168.113,123.454,0],"ix":1,"l":2}},"ao":0,"shapes":[{"ty":"gr","it":[{"ind":0,"ty":"sh","ix":1,"ks":{"a":0,"k":{"i":[[0,0],[-3.363,4.566],[-17.984,-13.036],[2.171,-8.021],[6.728,2.062],[0.648,14.148],[-4.802,-6.707],[4.463,-0.71],[3.052,3.066],[-0.129,15.195],[-4.696,-11.931],[10.124,12.526],[0.525,9.739]],"o":[[-0.214,-5.667],[3.455,-4.868],[3.316,5.625],[-3.506,10.7],[-4.5,-3.256],[-0.433,11.588],[-1.402,3.85],[-4.276,0.657],[-4.433,-8.866],[-1.931,12.671],[4.78,13.354],[-6.933,-11.031],[0,0]],"v":[[-33.725,-9.785],[-28.861,-25.59],[30.931,-24.873],[32.343,-4.011],[16.928,8.74],[9.558,-18.465],[15.103,9.945],[5.659,16.794],[-6.003,12.96],[-12.7,-18.455],[-7.909,13.997],[-26.366,26.906],[-33.725,-9.896]],"c":false},"ix":2},"nm":"Trazado 1","mn":"ADBE Vector Shape - Group","hd":false},{"ty":"fl","c":{"a":0,"k":[1,1,1,1],"ix":4},"o":{"a":0,"k":100,"ix":5},"r":1,"bm":0,"nm":"Relleno 1","mn":"ADBE Vector Graphic - Fill","hd":false},{"ty":"tr","p":{"a":0,"k":[172.397,126.308],"ix":2},"a":{"a":0,"k":[0,0],"ix":1},"s":{"a":0,"k":[100,100],"ix":3},"r":{"a":0,"k":0,"ix":6},"o":{"a":0,"k":100,"ix":7},"sk":{"a":0,"k":0,"ix":4},"sa":{"a":0,"k":0,"ix":5},"nm":"Transformar"}],"nm":"Trazado 14218-2","np":2,"cix":2,"bm":0,"ix":1,"mn":"ADBE Vector Group","hd":false},{"ty":"gr","it":[{"ind":0,"ty":"sh","ix":1,"ks":{"a":0,"k":{"i":[[0,0],[-12.998,3.256],[-9.094,-9.987],[2.348,-8.654],[6.728,2.059],[0.648,14.148],[-4.802,-6.707],[4.463,-0.71],[3.052,3.066],[-0.129,15.195],[-4.696,-11.931],[10.12,12.525],[0.525,9.739]],"o":[[-0.525,-12.189],[17.903,-4.167],[4.366,6.254],[-3.5,10.703],[-4.5,-3.256],[-0.433,11.588],[-1.402,3.85],[-4.276,0.657],[-4.433,-8.866],[-1.931,12.671],[4.781,13.358],[-6.933,-11.031],[0,0]],"v":[[-33.713,-6.934],[-12.697,-33.338],[29.832,-23.782],[32.348,-1.159],[16.94,11.591],[9.571,-15.614],[15.115,12.796],[5.671,19.645],[-5.99,15.812],[-12.687,-15.604],[-7.896,16.848],[-26.351,29.757],[-33.711,-7.046]],"c":false},"ix":2},"nm":"Trazado 1","mn":"ADBE Vector Shape - Group","hd":false},{"ty":"fl","c":{"a":0,"k":[0.964705884457,0.964705884457,0.964705884457,1],"ix":4},"o":{"a":0,"k":100,"ix":5},"r":1,"bm":0,"nm":"Relleno 1","mn":"ADBE Vector Graphic - Fill","hd":false},{"ty":"tr","p":{"a":0,"k":[172.385,123.283],"ix":2},"a":{"a":0,"k":[0,0],"ix":1},"s":{"a":0,"k":[100,100],"ix":3},"r":{"a":0,"k":0,"ix":6},"o":{"a":0,"k":100,"ix":7},"sk":{"a":0,"k":0,"ix":4},"sa":{"a":0,"k":0,"ix":5},"nm":"Transformar"}],"nm":"Trazado 14218","np":2,"cix":2,"bm":0,"ix":2,"mn":"ADBE Vector Group","hd":false},{"ty":"gr","it":[{"ind":0,"ty":"sh","ix":1,"ks":{"a":0,"k":{"i":[[0,0],[-8.267,-7.987],[5.419,-9.003],[7.099,-0.087],[5.016,8.207],[8.705,12.738],[0.339,9.061],[-20.238,2.642]],"o":[[16.479,-1.302],[5.236,8.129],[-2.308,5.099],[-6.214,10.197],[4.401,18.329],[-7.115,-13.425],[-0.616,-17.465],[0,0]],"v":[[-4.457,-36.534],[31.302,-24.955],[31.16,6.078],[17.138,13.991],[-5.922,17.655],[-28.077,30.268],[-35.203,-6.345],[-4.457,-36.534]],"c":false},"ix":2},"nm":"Trazado 1","mn":"ADBE Vector Shape - Group","hd":false},{"ty":"fl","c":{"a":0,"k":[0.913725495338,0.913725495338,0.913725495338,1],"ix":4},"o":{"a":0,"k":100,"ix":5},"r":1,"bm":0,"nm":"Relleno 1","mn":"ADBE Vector Graphic - Fill","hd":false},{"ty":"tr","p":{"a":0,"k":[172.376,123.454],"ix":2},"a":{"a":0,"k":[0,0],"ix":1},"s":{"a":0,"k":[100,100],"ix":3},"r":{"a":0,"k":0,"ix":6},"o":{"a":0,"k":100,"ix":7},"sk":{"a":0,"k":0,"ix":4},"sa":{"a":0,"k":0,"ix":5},"nm":"Transformar"}],"nm":"Trazado 14217","np":2,"cix":2,"bm":0,"ix":3,"mn":"ADBE Vector Group","hd":false},{"ty":"gr","it":[{"ind":0,"ty":"sh","ix":1,"ks":{"a":0,"k":{"i":[[0,0],[0.447,-5.53],[-1.382,-1.868],[-4.355,3.696]],"o":[[-5.08,4.39],[-0.447,5.53],[1.382,1.868],[4.355,-3.696]],"v":[[6.134,-16.448],[-8.035,-2.38],[-3.095,10.51],[6.135,15.35]],"c":true},"ix":2},"nm":"Trazado 1","mn":"ADBE Vector Shape - Group","hd":false},{"ty":"st","c":{"a":0,"k":[0.866666674614,0.866666674614,0.866666674614,1],"ix":3},"o":{"a":0,"k":100,"ix":4},"w":{"a":0,"k":1,"ix":5},"lc":1,"lj":1,"ml":4,"bm":0,"nm":"Trazo 1","mn":"ADBE Vector Graphic - Stroke","hd":false},{"ty":"fl","c":{"a":0,"k":[0.964705884457,0.964705884457,0.964705884457,1],"ix":4},"o":{"a":0,"k":100,"ix":5},"r":1,"bm":0,"nm":"Relleno 1","mn":"ADBE Vector Graphic - Fill","hd":false},{"ty":"tr","p":{"a":0,"k":[136.693,117.864],"ix":2},"a":{"a":0,"k":[0,0],"ix":1},"s":{"a":0,"k":[100,100],"ix":3},"r":{"a":0,"k":0,"ix":6},"o":{"a":0,"k":100,"ix":7},"sk":{"a":0,"k":0,"ix":4},"sa":{"a":0,"k":0,"ix":5},"nm":"Transformar"}],"nm":"Trazado 15485","np":3,"cix":2,"bm":0,"ix":4,"mn":"ADBE Vector Group","hd":false}],"ip":0,"op":60,"st":0,"bm":0},{"ddd":0,"ind":9,"ty":4,"nm":"CUERPO","sr":1,"ks":{"p":{"a":0,"k":[108.496,74.168,0],"ix":2,"l":2},"a":{"a":0,"k":[108.496,74.168,0],"ix":1,"l":2},"s":{"a":1,"k":[{"i":{"x":[0.667,0.667,0.667],"y":[1,1,1]},"o":{"x":[0.333,0.333,0.333],"y":[0,0,0]},"t":0,"s":[100,100,100]},{"i":{"x":[0.667,0.667,0.667],"y":[1,1,1]},"o":{"x":[0.333,0.333,0.333],"y":[0,0,0]},"t":12,"s":[95,95,100]},{"i":{"x":[0.667,0.667,0.667],"y":[1,1,1]},"o":{"x":[0.333,0.333,0.333],"y":[0,0,0]},"t":32,"s":[95,95,100]},{"t":48,"s":[100,100,100]}],"ix":6,"l":2}},"ao":0,"shapes":[{"ty":"gr","it":[{"ind":0,"ty":"sh","ix":1,"ks":{"a":0,"k":{"i":[[30.256,20.833],[10.029,1.492],[20.687,-30.29],[11.735,-4.962],[12.162,1.837],[-20.833,30.256]],"o":[[-8.352,-5.75],[30.29,20.687],[-7.185,10.521],[-11.317,4.817],[30.256,20.833],[20.833,-30.256]],"v":[[23.321,-55.148],[-4.616,-66.155],[12.772,26.146],[-16.208,49.861],[-52.12,54.419],[40.384,37.356]],"c":true},"ix":2},"nm":"Trazado 1","mn":"ADBE Vector Shape - Group","hd":false},{"ty":"fl","c":{"a":0,"k":[0.898039221764,0.898039221764,0.898039221764,1],"ix":4},"o":{"a":0,"k":100,"ix":5},"r":1,"bm":0,"nm":"Relleno 1","mn":"ADBE Vector Graphic - Fill","hd":false},{"ty":"tr","p":{"a":0,"k":[122.826,74.421],"ix":2},"a":{"a":0,"k":[0,0],"ix":1},"s":{"a":0,"k":[100,100],"ix":3},"r":{"a":0,"k":0,"ix":6},"o":{"a":0,"k":100,"ix":7},"sk":{"a":0,"k":0,"ix":4},"sa":{"a":0,"k":0,"ix":5},"nm":"Transformar"}],"nm":"Grupo 1","np":2,"cix":2,"bm":0,"ix":1,"mn":"ADBE Vector Group","hd":false},{"ty":"gr","it":[{"ind":0,"ty":"sh","ix":1,"ks":{"a":0,"k":{"i":[[9.549,35.455],[0.021,0.077],[35.365,-9.581],[0.014,-0.004],[-9.549,-35.455],[-35.455,9.549]],"o":[[-0.021,-0.077],[-9.581,-35.365],[-0.014,0.004],[-35.454,9.549],[9.549,35.455],[35.455,-9.549]],"v":[[64.196,-17.275],[64.134,-17.505],[-17.248,-64.192],[-17.291,-64.18],[-64.196,17.307],[17.291,64.212]],"c":true},"ix":2},"nm":"Trazado 1","mn":"ADBE Vector Shape - Group","hd":false},{"ty":"fl","c":{"a":0,"k":[0.972549021244,0.972549021244,0.972549021244,1],"ix":4},"o":{"a":0,"k":100,"ix":5},"r":1,"bm":0,"nm":"Relleno 1","mn":"ADBE Vector Graphic - Fill","hd":false},{"ty":"tr","p":{"a":0,"k":[108.496,74.168],"ix":2},"a":{"a":0,"k":[0,0],"ix":1},"s":{"a":0,"k":[100,100],"ix":3},"r":{"a":0,"k":0,"ix":6},"o":{"a":0,"k":100,"ix":7},"sk":{"a":0,"k":0,"ix":4},"sa":{"a":0,"k":0,"ix":5},"nm":"Transformar"}],"nm":"Grupo 2","np":2,"cix":2,"bm":0,"ix":2,"mn":"ADBE Vector Group","hd":false}],"ip":0,"op":60,"st":0,"bm":0},{"ddd":0,"ind":10,"ty":4,"nm":"brazo","parent":9,"sr":1,"ks":{"p":{"a":0,"k":[180.919,84.395,0],"ix":2,"l":2}},"ao":0,"shapes":[{"ty":"gr","it":[{"ind":0,"ty":"sh","ix":1,"ks":{"a":0,"k":{"i":[[0,0],[-3.305,-3.238],[-1.271,-7.112],[0,0],[0,0]],"o":[[3.624,2.877],[6.16,6.015],[2.353,13.171],[0,0],[0,0]],"v":[[-9.552,-19.357],[0.848,-10.179],[15.477,11.326],[-13.06,17.499],[-15.604,-19.357]],"c":true},"ix":2},"nm":"Trazado 1","mn":"ADBE Vector Shape - Group","hd":false},{"ty":"st","c":{"a":0,"k":[0.866666674614,0.866666674614,0.866666674614,1],"ix":3},"o":{"a":0,"k":100,"ix":4},"w":{"a":0,"k":1,"ix":5},"lc":1,"lj":1,"ml":4,"bm":0,"nm":"Trazo 1","mn":"ADBE Vector Graphic - Stroke","hd":false},{"ty":"fl","c":{"a":0,"k":[0.945098042488,0.945098042488,0.945098042488,1],"ix":4},"o":{"a":0,"k":100,"ix":5},"r":1,"bm":0,"nm":"Relleno 1","mn":"ADBE Vector Graphic - Fill","hd":false},{"ty":"tr","p":{"a":0,"k":[0,0],"ix":2},"a":{"a":0,"k":[0,0],"ix":1},"s":{"a":0,"k":[100,100],"ix":3},"r":{"a":0,"k":0,"ix":6},"o":{"a":0,"k":100,"ix":7},"sk":{"a":0,"k":0,"ix":4},"sa":{"a":0,"k":0,"ix":5},"nm":"Transformar"}],"nm":"Trazado 17183","np":3,"cix":2,"bm":0,"ix":1,"mn":"ADBE Vector Group","hd":false}],"ip":0,"op":60,"st":0,"bm":0},{"ddd":0,"ind":11,"ty":4,"nm":"Capa 9","sr":1,"ks":{"p":{"a":1,"k":[{"i":{"x":0.667,"y":1},"o":{"x":0.333,"y":0},"t":0,"s":[200.391,51.937,0],"to":[0,1.5,0],"ti":[0,1.333,0]},{"i":{"x":0.667,"y":1},"o":{"x":0.333,"y":0},"t":22.325,"s":[200.391,60.937,0],"to":[0,-1.333,0],"ti":[0,1.5,0]},{"i":{"x":0.667,"y":1},"o":{"x":0.333,"y":0},"t":39.069,"s":[200.391,43.937,0],"to":[0,-1.5,0],"ti":[0,-1.333,0]},{"t":55.8134765625,"s":[200.391,51.937,0]}],"ix":2,"l":2},"a":{"a":0,"k":[200.391,51.937,0],"ix":1,"l":2}},"ao":0,"shapes":[{"ty":"gr","it":[{"ind":0,"ty":"sh","ix":1,"ks":{"a":0,"k":{"i":[[0.629,1.36],[1.129,0.95],[1.525,0.497],[1.891,-0.028],[1.666,-0.525],[1.139,-0.84],[0.578,-0.977],[0.03,-0.882],[-0.74,-0.552],[-0.783,-0.016],[-0.418,0.489],[-0.475,0.54],[-0.712,0.405],[-1.241,-0.079],[-1.402,-1.003],[0.097,-1.6],[0.47,-0.91],[0.648,-0.692],[0.737,-0.587],[0.561,-0.518],[0.414,-0.521],[0.325,-0.727],[0.199,-0.98],[-0.019,-1.315],[-0.543,-0.845],[-0.843,0.086],[-0.743,0.582],[0.003,0.598],[-0.043,0.756],[-0.199,0.697],[-0.434,0.587],[-0.692,0.559],[-0.867,0.754],[-0.77,0.982],[-0.566,1.297],[0.023,1.569]],"o":[[-0.624,-1.337],[-1.236,-1.023],[-1.798,-0.586],[-1.746,-0.028],[-1.351,0.424],[-0.917,0.669],[-0.458,0.754],[-0.075,0.92],[0.628,0.468],[0.642,0.04],[0.391,-0.475],[0.554,-0.603],[1.118,-0.545],[1.722,-0.08],[1.254,0.999],[0.023,1.024],[-0.448,0.835],[-0.643,0.688],[-0.734,0.583],[-0.512,0.426],[-0.493,0.626],[-0.404,0.914],[-0.255,1.29],[-0.103,1],[0.618,0.58],[0.935,0.126],[0.399,-0.445],[0,-0.949],[0.038,-0.724],[0.209,-0.699],[0.534,-0.711],[0.473,-0.434],[0.932,-0.829],[0.875,-1.112],[0.621,-1.441],[0.014,-1.498]],"v":[[11.703,-10.668],[9.042,-14.139],[4.864,-16.439],[-0.707,-17.281],[-5.858,-16.531],[-9.619,-14.622],[-11.886,-12.128],[-12.631,-9.634],[-11.562,-7.269],[-9.392,-6.524],[-7.708,-7.237],[-6.408,-8.759],[-4.497,-10.281],[-0.897,-10.992],[3.925,-9.567],[5.771,-5.421],[5.091,-2.473],[3.439,-0.173],[1.365,1.742],[-0.578,3.394],[-1.971,4.819],[-3.202,6.856],[-4.109,9.706],[-4.465,13.625],[-3.785,16.475],[-1.485,17.252],[1.139,16.539],[1.754,14.919],[1.819,12.362],[2.175,10.224],[3.147,8.281],[4.993,6.37],[7.003,4.588],[9.561,1.867],[11.731,-1.761],[12.638,-6.328]],"c":true},"ix":2},"nm":"Trazado 1","mn":"ADBE Vector Shape - Group","hd":false},{"ty":"fl","c":{"a":0,"k":[0.396078437567,0.694117665291,0.937254905701,1],"ix":4},"o":{"a":0,"k":100,"ix":5},"r":1,"bm":0,"nm":"Relleno 1","mn":"ADBE Vector Graphic - Fill","hd":false},{"ty":"tr","p":{"a":0,"k":[200.391,45.214],"ix":2},"a":{"a":0,"k":[0,0],"ix":1},"s":{"a":0,"k":[100,100],"ix":3},"r":{"a":0,"k":0,"ix":6},"o":{"a":0,"k":100,"ix":7},"sk":{"a":0,"k":0,"ix":4},"sa":{"a":0,"k":0,"ix":5},"nm":"Transformar"}],"nm":"Grupo 1","np":2,"cix":2,"bm":0,"ix":1,"mn":"ADBE Vector Group","hd":false},{"ty":"gr","it":[{"ind":0,"ty":"sh","ix":1,"ks":{"a":0,"k":{"i":[[1.172,-0.015],[0.798,-0.845],[-0.016,-1.164],[-0.798,-0.826],[-1.181,0.031],[-0.809,0.871],[0.007,1.154],[0.84,0.811]],"o":[[-1.162,-0.02],[-0.824,0.822],[-0.009,1.148],[0.794,0.874],[1.189,0.027],[0.815,-0.818],[0.013,-1.168],[-0.813,-0.844]],"v":[[-0.032,-4.405],[-3.109,-3.111],[-4.373,-0.005],[-3.142,3.076],[-0.032,4.404],[3.11,3.076],[4.373,-0.005],[3.078,-3.105]],"c":true},"ix":2},"nm":"Trazado 1","mn":"ADBE Vector Shape - Group","hd":false},{"ty":"fl","c":{"a":0,"k":[0.396078437567,0.694117665291,0.937254905701,1],"ix":4},"o":{"a":0,"k":100,"ix":5},"r":1,"bm":0,"nm":"Relleno 1","mn":"ADBE Vector Graphic - Fill","hd":false},{"ty":"tr","p":{"a":0,"k":[199.003,71.538],"ix":2},"a":{"a":0,"k":[0,0],"ix":1},"s":{"a":0,"k":[100,100],"ix":3},"r":{"a":0,"k":0,"ix":6},"o":{"a":0,"k":100,"ix":7},"sk":{"a":0,"k":0,"ix":4},"sa":{"a":0,"k":0,"ix":5},"nm":"Transformar"}],"nm":"Grupo 2","np":2,"cix":2,"bm":0,"ix":2,"mn":"ADBE Vector Group","hd":false}],"ip":0,"op":60,"st":0,"bm":0},{"ddd":0,"ind":12,"ty":4,"nm":"Capa 7","sr":1,"ks":{"p":{"a":1,"k":[{"i":{"x":0.667,"y":1},"o":{"x":0.333,"y":0},"t":1.396,"s":[40.628,117.693,0],"to":[0,1.5,0],"ti":[0,1.333,0]},{"i":{"x":0.667,"y":1},"o":{"x":0.333,"y":0},"t":23.721,"s":[40.628,126.693,0],"to":[0,-1.333,0],"ti":[0,1.5,0]},{"i":{"x":0.667,"y":1},"o":{"x":0.333,"y":0},"t":40.465,"s":[40.628,109.693,0],"to":[0,-1.5,0],"ti":[0,-1.333,0]},{"t":57.208984375,"s":[40.628,117.693,0]}],"ix":2,"l":2},"a":{"a":0,"k":[40.628,117.693,0],"ix":1,"l":2}},"ao":0,"shapes":[{"ty":"gr","it":[{"ind":0,"ty":"sh","ix":1,"ks":{"a":0,"k":{"i":[[0.381,0.708],[0.784,0.226],[0.715,-0.393],[0,0],[0.216,-0.782],[-0.392,-0.711],[-0.76,-0.247],[-0.716,0.405],[-0.213,0.801]],"o":[[-0.372,-0.726],[-0.776,-0.251],[0,0],[-0.724,0.366],[-0.239,0.776],[0.371,0.709],[0.774,0.278],[0.74,-0.373],[0.234,-0.769]],"v":[[2.697,-1.442],[0.885,-2.933],[-1.451,-2.71],[-1.449,-2.71],[-2.925,-0.907],[-2.685,1.419],[-0.92,2.91],[1.428,2.711],[2.927,0.865]],"c":true},"ix":2},"nm":"Trazado 1","mn":"ADBE Vector Shape - Group","hd":false},{"ty":"fl","c":{"a":0,"k":[0.396078437567,0.694117665291,0.937254905701,1],"ix":4},"o":{"a":0,"k":100,"ix":5},"r":1,"bm":0,"nm":"Relleno 1","mn":"ADBE Vector Graphic - Fill","hd":false},{"ty":"tr","p":{"a":0,"k":[48.615,130.407],"ix":2},"a":{"a":0,"k":[0,0],"ix":1},"s":{"a":0,"k":[100,100],"ix":3},"r":{"a":0,"k":0,"ix":6},"o":{"a":0,"k":100,"ix":7},"sk":{"a":0,"k":0,"ix":4},"sa":{"a":0,"k":0,"ix":5},"nm":"Transformar"}],"nm":"Grupo 1","np":2,"cix":2,"bm":0,"ix":1,"mn":"ADBE Vector Group","hd":false},{"ty":"gr","it":[{"ind":0,"ty":"sh","ix":1,"ks":{"a":0,"k":{"i":[[-0.266,0.602],[0.197,0.367],[0.221,0.479],[0.106,0.494],[-0.075,0.503],[-0.243,0.57],[-0.283,0.747],[-0.152,0.857],[0.076,0.983],[0.528,0.958],[0.833,0.63],[1.005,0.217],[1.1,-0.194],[1.154,-0.636],[0.852,-0.87],[0.425,-0.89],[0.036,-0.79],[-0.27,-0.552],[-0.636,-0.097],[-0.487,0.246],[-0.096,0.438],[-0.118,0.488],[-0.308,0.481],[-0.788,0.359],[-1.192,-0.159],[-0.464,-1.017],[-0.009,-0.714],[0.173,-0.637],[0.262,-0.601],[0.176,-0.503],[0.084,-0.456],[-0.04,-0.556],[-0.199,-0.668],[-0.442,-0.803],[-0.611,-0.343],[-0.49,0.328]],"o":[[0.1,-0.404],[-0.311,-0.585],[-0.214,-0.458],[-0.1,-0.498],[0.096,-0.612],[0.153,-0.423],[0.302,-0.816],[0.174,-0.971],[-0.089,-1.09],[-0.483,-0.926],[-0.82,-0.62],[-1.095,-0.224],[-1.298,0.228],[-1.083,0.556],[-0.692,0.703],[-0.346,0.712],[-0.035,0.614],[0.255,0.59],[0.54,0.082],[0.408,-0.187],[0.08,-0.418],[0.146,-0.552],[0.508,-0.701],[1.034,-0.614],[1.099,0.204],[0.349,0.622],[-0.003,0.66],[-0.171,0.633],[-0.261,0.599],[-0.176,0.43],[-0.098,0.549],[0.051,0.695],[0.265,0.878],[0.264,0.649],[0.569,0.154],[0.617,-0.229]],"v":[[8.419,10.004],[8.268,8.806],[7.47,7.211],[6.99,5.779],[6.952,4.265],[7.463,2.485],[8.116,0.731],[8.798,-1.784],[8.947,-4.727],[8.011,-7.834],[6.012,-10.197],[3.24,-11.468],[-0.082,-11.514],[-3.786,-10.209],[-6.709,-8.057],[-8.396,-5.651],[-8.975,-3.375],[-8.617,-1.597],[-7.186,-0.491],[-5.606,-0.743],[-4.805,-1.736],[-4.508,-3.095],[-3.822,-4.655],[-1.844,-6.273],[1.592,-6.975],[4.086,-5.028],[4.631,-2.992],[4.366,-1.039],[3.716,0.816],[3.061,2.468],[2.669,3.8],[2.582,5.465],[2.957,7.516],[4.02,10.045],[5.372,11.577],[7.039,11.304]],"c":true},"ix":2},"nm":"Trazado 1","mn":"ADBE Vector Shape - Group","hd":false},{"ty":"fl","c":{"a":0,"k":[0.396078437567,0.694117665291,0.937254905701,1],"ix":4},"o":{"a":0,"k":100,"ix":5},"r":1,"bm":0,"nm":"Relleno 1","mn":"ADBE Vector Graphic - Fill","hd":false},{"ty":"tr","p":{"a":0,"k":[38.565,113.549],"ix":2},"a":{"a":0,"k":[0,0],"ix":1},"s":{"a":0,"k":[100,100],"ix":3},"r":{"a":0,"k":0,"ix":6},"o":{"a":0,"k":100,"ix":7},"sk":{"a":0,"k":0,"ix":4},"sa":{"a":0,"k":0,"ix":5},"nm":"Transformar"}],"nm":"Grupo 2","np":2,"cix":2,"bm":0,"ix":2,"mn":"ADBE Vector Group","hd":false}],"ip":0,"op":60,"st":0,"bm":0},{"ddd":0,"ind":13,"ty":4,"nm":"Capa 5","sr":1,"ks":{"p":{"a":1,"k":[{"i":{"x":0.667,"y":1},"o":{"x":0.333,"y":0},"t":2.791,"s":[14.481,82.446,0],"to":[0,1.5,0],"ti":[0,1.333,0]},{"i":{"x":0.667,"y":1},"o":{"x":0.333,"y":0},"t":25.116,"s":[14.481,91.446,0],"to":[0,-1.333,0],"ti":[0,1.5,0]},{"i":{"x":0.667,"y":1},"o":{"x":0.333,"y":0},"t":41.86,"s":[14.481,74.446,0],"to":[0,-1.5,0],"ti":[0,-1.333,0]},{"t":58.6044921875,"s":[14.481,82.446,0]}],"ix":2,"l":2},"a":{"a":0,"k":[14.481,82.446,0],"ix":1,"l":2}},"ao":0,"shapes":[{"ty":"gr","it":[{"ind":0,"ty":"sh","ix":1,"ks":{"a":0,"k":{"i":[[0.749,0.562],[0.81,0.02],[0.414,-0.506],[0.51,-0.555],[0.739,-0.422],[1.273,0.079],[1.454,1.009],[-0.103,1.636],[-0.48,0.947],[-0.677,0.702],[-0.751,0.596],[-0.577,0.533],[-0.488,0.555],[-0.344,0.758],[-0.208,1.021],[0.016,1.353],[0.558,0.868],[0.887,-0.095],[0.755,-0.588],[-0.001,-0.619],[0.045,-0.821],[0.23,-0.734],[0.43,-0.614],[0.714,-0.535],[0.867,-0.776],[0.786,-1.002],[0.582,-1.332],[-0.024,-1.612],[-0.646,-1.396],[-1.158,-0.973],[-1.566,-0.511],[-1.942,0.029],[-1.711,0.536],[-1.172,0.862],[-0.594,1.003],[-0.031,0.905]],"o":[[-0.637,-0.5],[-0.652,-0.047],[-0.377,0.487],[-0.588,0.615],[-1.147,0.559],[-1.768,0.089],[-1.292,-1.008],[-0.021,-1.062],[0.451,-0.865],[0.667,-0.689],[0.757,-0.6],[0.445,-0.445],[0.539,-0.635],[0.434,-0.947],[0.267,-1.327],[0.105,-1.027],[-0.657,-0.604],[-0.949,-0.119],[-0.428,0.448],[0,0.975],[-0.035,0.768],[-0.234,0.712],[-0.521,0.724],[-0.533,0.399],[-0.941,0.858],[-0.899,1.142],[-0.638,1.48],[-0.014,1.538],[0.641,1.37],[1.269,1.05],[1.847,0.602],[1.792,0.031],[1.389,-0.433],[0.942,-0.687],[0.471,-0.774],[0.063,-0.935]],"v":[[11.876,7.505],[9.647,6.705],[7.947,7.437],[6.616,9],[4.616,10.563],[0.924,11.295],[-4.045,9.876],[-5.945,5.651],[-5.245,2.591],[-3.545,0.229],[-1.416,-1.7],[0.584,-3.4],[1.984,-4.9],[3.315,-7],[4.28,-9.961],[4.658,-13.992],[3.958,-16.919],[1.53,-17.719],[-1.131,-16.987],[-1.796,-15.324],[-1.863,-12.63],[-2.263,-10.368],[-3.263,-8.368],[-5.126,-6.468],[-7.226,-4.705],[-9.82,-1.911],[-12.05,1.815],[-12.981,6.505],[-12.02,10.962],[-9.289,14.518],[-4.998,16.88],[0.724,17.745],[6.013,16.983],[9.882,15.027],[12.211,12.466],[12.976,9.905]],"c":true},"ix":2},"nm":"Trazado 1","mn":"ADBE Vector Shape - Group","hd":false},{"ty":"fl","c":{"a":0,"k":[0.396078437567,0.694117665291,0.937254905701,1],"ix":4},"o":{"a":0,"k":100,"ix":5},"r":1,"bm":0,"nm":"Relleno 1","mn":"ADBE Vector Graphic - Fill","hd":false},{"ty":"tr","p":{"a":0,"k":[14.481,89.35],"ix":2},"a":{"a":0,"k":[0,0],"ix":1},"s":{"a":0,"k":[100,100],"ix":3},"r":{"a":0,"k":0,"ix":6},"o":{"a":0,"k":100,"ix":7},"sk":{"a":0,"k":0,"ix":4},"sa":{"a":0,"k":0,"ix":5},"nm":"Transformar"}],"nm":"Grupo 1","np":2,"cix":2,"bm":0,"ix":1,"mn":"ADBE Vector Group","hd":false},{"ty":"gr","it":[{"ind":0,"ty":"sh","ix":1,"ks":{"a":0,"k":{"i":[[-1.202,0.016],[-0.818,0.869],[0.027,1.218],[0.818,0.848],[1.212,-0.032],[0.83,-0.896],[-0.005,-1.184],[-0.875,-0.856]],"o":[[1.193,0.018],[0.857,-0.865],[0.008,-1.178],[-0.815,-0.898],[-1.221,-0.025],[-0.837,0.838],[-0.025,1.224],[0.835,0.865]],"v":[[0.033,4.56],[3.19,3.224],[4.49,-0.036],[3.226,-3.196],[0.033,-4.56],[-3.191,-3.191],[-4.491,-0.031],[-3.16,3.229]],"c":true},"ix":2},"nm":"Trazado 1","mn":"ADBE Vector Shape - Group","hd":false},{"ty":"fl","c":{"a":0,"k":[0.396078437567,0.694117665291,0.937254905701,1],"ix":4},"o":{"a":0,"k":100,"ix":5},"r":1,"bm":0,"nm":"Relleno 1","mn":"ADBE Vector Graphic - Fill","hd":false},{"ty":"tr","p":{"a":0,"k":[15.904,62.355],"ix":2},"a":{"a":0,"k":[0,0],"ix":1},"s":{"a":0,"k":[100,100],"ix":3},"r":{"a":0,"k":0,"ix":6},"o":{"a":0,"k":100,"ix":7},"sk":{"a":0,"k":0,"ix":4},"sa":{"a":0,"k":0,"ix":5},"nm":"Transformar"}],"nm":"Grupo 2","np":2,"cix":2,"bm":0,"ix":2,"mn":"ADBE Vector Group","hd":false}],"ip":0,"op":60,"st":0,"bm":0},{"ddd":0,"ind":14,"ty":4,"nm":"Capa 3","sr":1,"ks":{"p":{"a":1,"k":[{"i":{"x":0.667,"y":1},"o":{"x":0.333,"y":0},"t":4.187,"s":[183.42,40.253,0],"to":[0,1.5,0],"ti":[0,1.333,0]},{"i":{"x":0.667,"y":1},"o":{"x":0.333,"y":0},"t":26.512,"s":[183.42,49.253,0],"to":[0,-1.333,0],"ti":[0,1.5,0]},{"i":{"x":0.667,"y":1},"o":{"x":0.333,"y":0},"t":43.256,"s":[183.42,32.253,0],"to":[0,-1.5,0],"ti":[0,-1.333,0]},{"t":60,"s":[183.42,40.253,0]}],"ix":2,"l":2},"a":{"a":0,"k":[183.42,40.253,0],"ix":1,"l":2}},"ao":0,"shapes":[{"ty":"gr","it":[{"ind":0,"ty":"sh","ix":1,"ks":{"a":0,"k":{"i":[[0.151,0.561],[0.562,0.206],[0.5,-0.14],[0.159,-0.387],[0.208,-0.435],[0.373,-0.396],[0.799,-0.19],[1.078,0.347],[0.242,1.022],[-0.117,0.671],[-0.282,0.557],[-0.349,0.506],[-0.253,0.434],[-0.195,0.431],[-0.069,0.528],[0.065,0.665],[0.265,0.824],[0.505,0.428],[0.526,-0.225],[0.353,-0.502],[-0.117,-0.379],[-0.126,-0.511],[0.004,-0.493],[0.146,-0.455],[0.337,-0.461],[0.385,-0.638],[0.294,-0.761],[0.105,-0.927],[-0.316,-0.984],[-0.658,-0.733],[-0.892,-0.38],[-1.056,-0.019],[-1.185,0.382],[-0.948,0.65],[-0.554,0.748],[-0.177,0.724]],"o":[[-0.136,-0.583],[-0.484,-0.187],[-0.407,0.094],[-0.14,0.368],[-0.245,0.486],[-0.6,0.561],[-1.066,0.381],[-0.98,-0.377],[-0.212,-0.647],[0.113,-0.614],[0.28,-0.547],[0.35,-0.508],[0.192,-0.356],[0.211,-0.489],[0.088,-0.662],[-0.087,-0.862],[-0.128,-0.649],[-0.516,-0.246],[-0.604,0.105],[-0.178,0.355],[0.183,0.598],[0.122,0.477],[-0.009,0.478],[-0.184,0.541],[-0.251,0.344],[-0.416,0.702],[-0.336,0.87],[-0.115,1.027],[0.281,0.945],[0.649,0.72],[0.975,0.406],[1.244,0.023],[1.104,-0.317],[0.768,-0.527],[0.447,-0.596],[0.143,-0.563]],"v":[[8.386,3.651],[7.268,2.387],[5.752,2.316],[4.849,3.082],[4.326,4.287],[3.395,5.618],[1.261,6.763],[-2.046,6.815],[-3.999,4.58],[-4.144,2.573],[-3.548,0.807],[-2.604,-0.775],[-1.699,-2.188],[-1.119,-3.369],[-0.696,-4.903],[-0.66,-6.901],[-1.19,-9.437],[-2.167,-11.1],[-3.805,-11.134],[-5.3,-10.187],[-5.395,-9.043],[-4.931,-7.379],[-4.752,-5.917],[-4.986,-4.51],[-5.773,-2.999],[-6.727,-1.526],[-7.793,0.673],[-8.457,3.379],[-8.152,6.429],[-6.725,8.977],[-4.386,10.649],[-1.312,11.292],[2.356,10.75],[5.455,9.29],[7.452,7.364],[8.398,5.364]],"c":true},"ix":2},"nm":"Trazado 1","mn":"ADBE Vector Shape - Group","hd":false},{"ty":"fl","c":{"a":0,"k":[0.396078437567,0.694117665291,0.937254905701,1],"ix":4},"o":{"a":0,"k":100,"ix":5},"r":1,"bm":0,"nm":"Relleno 1","mn":"ADBE Vector Graphic - Fill","hd":false},{"ty":"tr","p":{"a":0,"k":[183.42,44.481],"ix":2},"a":{"a":0,"k":[0,0],"ix":1},"s":{"a":0,"k":[100,100],"ix":3},"r":{"a":0,"k":0,"ix":6},"o":{"a":0,"k":100,"ix":7},"sk":{"a":0,"k":0,"ix":4},"sa":{"a":0,"k":0,"ix":5},"nm":"Transformar"}],"nm":"Grupo 1","np":2,"cix":2,"bm":0,"ix":1,"mn":"ADBE Vector Group","hd":false},{"ty":"gr","it":[{"ind":0,"ty":"sh","ix":1,"ks":{"a":0,"k":{"i":[[-0.697,-0.361],[-0.734,0.235],[0,0],[-0.338,0.687],[0.245,0.741],[0.66,0.366],[0.737,-0.247],[0.34,-0.706],[-0.225,-0.725]],"o":[[0.674,0.374],[0,0],[0.736,-0.213],[0.363,-0.691],[-0.216,-0.724],[-0.668,-0.397],[-0.754,0.214],[-0.356,0.671],[0.214,0.755]],"v":[[-1.334,2.582],[0.873,2.799],[0.873,2.797],[2.559,1.386],[2.743,-0.856],[1.376,-2.557],[-0.837,-2.794],[-2.557,-1.348],[-2.76,0.833]],"c":true},"ix":2},"nm":"Trazado 1","mn":"ADBE Vector Shape - Group","hd":false},{"ty":"fl","c":{"a":0,"k":[0.396078437567,0.694117665291,0.937254905701,1],"ix":4},"o":{"a":0,"k":100,"ix":5},"r":1,"bm":0,"nm":"Relleno 1","mn":"ADBE Vector Graphic - Fill","hd":false},{"ty":"tr","p":{"a":0,"k":[177.82,27.665],"ix":2},"a":{"a":0,"k":[0,0],"ix":1},"s":{"a":0,"k":[100,100],"ix":3},"r":{"a":0,"k":0,"ix":6},"o":{"a":0,"k":100,"ix":7},"sk":{"a":0,"k":0,"ix":4},"sa":{"a":0,"k":0,"ix":5},"nm":"Transformar"}],"nm":"Grupo 2","np":2,"cix":2,"bm":0,"ix":2,"mn":"ADBE Vector Group","hd":false}],"ip":0,"op":60,"st":0,"bm":0},{"ddd":0,"ind":15,"ty":4,"nm":"cc3","sr":1,"ks":{"p":{"a":0,"k":[54.769,47.387,0],"ix":2,"l":2}},"ao":0,"shapes":[{"ind":0,"ty":"sh","ix":1,"ks":{"a":0,"k":{"i":[[23.754,8.179],[8.166,-23.717],[-23.754,-8.179],[-8.166,23.717]],"o":[[-23.754,-8.179],[-8.166,23.717],[23.754,8.179],[8.166,-23.717]],"v":[[14.787,-42.944],[-43.01,-14.809],[-14.787,42.944],[43.01,14.809]],"c":true},"ix":2},"nm":"Trazado 1","mn":"ADBE Vector Shape - Group","hd":false},{"ty":"gf","o":{"a":0,"k":100,"ix":10},"r":1,"bm":0,"g":{"p":5,"k":{"a":0,"k":[0,0.369,0.6,0.737,0.449,0.671,0.776,0.847,0.897,0.973,0.953,0.957,0.949,0.973,0.963,0.965,1,0.973,0.973,0.973],"ix":9}},"s":{"a":0,"k":[45,43],"ix":5},"e":{"a":0,"k":[-48.769,-43.387],"ix":6},"t":1,"nm":"Relleno de degradado 1","mn":"ADBE Vector Graphic - G-Fill","hd":false}],"ip":0,"op":60,"st":0,"bm":0},{"ddd":0,"ind":16,"ty":4,"nm":"cc4","sr":1,"ks":{"p":{"a":0,"k":[145.44,111.435,0],"ix":2,"l":2}},"ao":0,"shapes":[{"ind":0,"ty":"sh","ix":1,"ks":{"a":0,"k":{"i":[[19.52,15.802],[15.778,-19.49],[-19.52,-15.802],[-15.778,19.49]],"o":[[-19.52,-15.802],[-15.778,19.49],[19.52,15.802],[15.778,-19.49]],"v":[[28.568,-35.29],[-35.344,-28.612],[-28.568,35.29],[35.344,28.612]],"c":true},"ix":2},"nm":"Trazado 1","mn":"ADBE Vector Shape - Group","hd":false},{"ty":"gf","o":{"a":0,"k":100,"ix":10},"r":1,"bm":0,"g":{"p":7,"k":{"a":0,"k":[0,0.369,0.6,0.737,0.075,0.382,0.608,0.743,0.151,0.396,0.616,0.749,0.524,0.684,0.784,0.853,0.897,0.973,0.953,0.957,0.949,0.973,0.963,0.965,1,0.973,0.973,0.973],"ix":9}},"s":{"a":0,"k":[-55,-45],"ix":5},"e":{"a":0,"k":[36.56,36.565],"ix":6},"t":1,"nm":"Relleno de degradado 1","mn":"ADBE Vector Graphic - G-Fill","hd":false}],"ip":0,"op":60,"st":0,"bm":0}],"markers":[]}